Any,Codi_Districte,Nom_Districte,Codi_Barri,Nom_Barri,Seccio_Censal,Import_Euros
2015,1,Ciutat Vella,1,el Raval,1,9310
2015,1,Ciutat Vella,1,el Raval,2,7496
2015,1,Ciutat Vella,1,el Raval,3,7300
2015,1,Ciutat Vella,1,el Raval,4,9346
2015,1,Ciutat Vella,1,el Raval,5,7763
2015,1,Ciutat Vella,1,el Raval,6,8697
2015,1,Ciutat Vella,1,el Raval,7,7804
2015,1,Ciutat Vella,1,el Raval,8,6379
2015,1,Ciutat Vella,1,el Raval,9,8513
2015,1,Ciutat Vella,1,el Raval,10,7013
2015,1,Ciutat Vella,1,el Raval,11,6928
2015,1,Ciutat Vella,1,el Raval,12,8889
2015,1,Ciutat Vella,1,el Raval,13,9663
2015,1,Ciutat Vella,1,el Raval,14,8452
2015,1,Ciutat Vella,1,el Raval,15,8771
2015,1,Ciutat Vella,1,el Raval,16,8376
2015,1,Ciutat Vella,1,el Raval,17,7641
2015,1,Ciutat Vella,1,el Raval,18,8095
2015,1,Ciutat Vella,1,el Raval,19,7701
2015,1,Ciutat Vella,1,el Raval,20,12519
2015,1,Ciutat Vella,1,el Raval,21,12178
2015,1,Ciutat Vella,2,el Gòtic,22,15293
2015,1,Ciutat Vella,2,el Gòtic,23,13414
2015,1,Ciutat Vella,2,el Gòtic,25,11266
2015,1,Ciutat Vella,2,el Gòtic,26,11079
2015,1,Ciutat Vella,2,el Gòtic,27,10935
2015,1,Ciutat Vella,2,el Gòtic,28,11239
2015,1,Ciutat Vella,2,el Gòtic,29,9850
2015,1,Ciutat Vella,2,el Gòtic,30,9917
2015,1,Ciutat Vella,2,el Gòtic,31,10290
2015,1,Ciutat Vella,3,la Barceloneta,32,12350
2015,1,Ciutat Vella,3,la Barceloneta,33,10350
2015,1,Ciutat Vella,3,la Barceloneta,34,10097
2015,1,Ciutat Vella,3,la Barceloneta,35,10176
2015,1,Ciutat Vella,3,la Barceloneta,36,10884
2015,1,Ciutat Vella,3,la Barceloneta,37,10303
2015,1,Ciutat Vella,3,la Barceloneta,38,9867
2015,1,Ciutat Vella,3,la Barceloneta,39,11337
2015,1,Ciutat Vella,3,la Barceloneta,40,11972
2015,1,Ciutat Vella,3,la Barceloneta,41,9911
2015,1,Ciutat Vella,3,la Barceloneta,42,11760
2015,1,Ciutat Vella,4,"Sant Pere, Santa Caterina i la Ribera",43,14882
2015,1,Ciutat Vella,4,"Sant Pere, Santa Caterina i la Ribera",44,14447
2015,1,Ciutat Vella,4,"Sant Pere, Santa Caterina i la Ribera",45,11774
2015,1,Ciutat Vella,4,"Sant Pere, Santa Caterina i la Ribera",46,10627
2015,1,Ciutat Vella,4,"Sant Pere, Santa Caterina i la Ribera",47,10190
2015,1,Ciutat Vella,4,"Sant Pere, Santa Caterina i la Ribera",48,8501
2015,1,Ciutat Vella,4,"Sant Pere, Santa Caterina i la Ribera",49,11702
2015,1,Ciutat Vella,4,"Sant Pere, Santa Caterina i la Ribera",50,11114
2015,1,Ciutat Vella,4,"Sant Pere, Santa Caterina i la Ribera",51,9375
2015,1,Ciutat Vella,4,"Sant Pere, Santa Caterina i la Ribera",52,14013
2015,1,Ciutat Vella,4,"Sant Pere, Santa Caterina i la Ribera",53,10271
2015,1,Ciutat Vella,4,"Sant Pere, Santa Caterina i la Ribera",54,10540
2015,1,Ciutat Vella,4,"Sant Pere, Santa Caterina i la Ribera",55,14521
2015,2,Eixample,5,el Fort Pienc,1,14983
2015,2,Eixample,5,el Fort Pienc,2,14127
2015,2,Eixample,5,el Fort Pienc,3,16433
2015,2,Eixample,5,el Fort Pienc,4,12746
2015,2,Eixample,5,el Fort Pienc,5,17322
2015,2,Eixample,5,el Fort Pienc,6,17366
2015,2,Eixample,5,el Fort Pienc,7,18084
2015,2,Eixample,5,el Fort Pienc,8,16397
2015,2,Eixample,5,el Fort Pienc,9,15994
2015,2,Eixample,5,el Fort Pienc,10,15578
2015,2,Eixample,5,el Fort Pienc,11,16826
2015,2,Eixample,5,el Fort Pienc,12,13357
2015,2,Eixample,5,el Fort Pienc,13,13470
2015,2,Eixample,5,el Fort Pienc,14,12481
2015,2,Eixample,5,el Fort Pienc,15,13637
2015,2,Eixample,5,el Fort Pienc,16,16813
2015,2,Eixample,5,el Fort Pienc,17,16624
2015,2,Eixample,5,el Fort Pienc,18,17284
2015,2,Eixample,5,el Fort Pienc,19,15312
2015,2,Eixample,5,el Fort Pienc,20,14185
2015,2,Eixample,6,la Sagrada Família,21,14816
2015,2,Eixample,6,la Sagrada Família,22,15500
2015,2,Eixample,6,la Sagrada Família,23,15685
2015,2,Eixample,6,la Sagrada Família,24,14273
2015,2,Eixample,6,la Sagrada Família,25,15059
2015,2,Eixample,6,la Sagrada Família,26,15427
2015,2,Eixample,6,la Sagrada Família,27,16722
2015,2,Eixample,6,la Sagrada Família,28,15423
2015,2,Eixample,6,la Sagrada Família,29,14040
2015,2,Eixample,6,la Sagrada Família,30,12762
2015,2,Eixample,6,la Sagrada Família,31,17872
2015,2,Eixample,6,la Sagrada Família,32,15757
2015,2,Eixample,6,la Sagrada Família,33,15076
2015,2,Eixample,6,la Sagrada Família,34,13395
2015,2,Eixample,6,la Sagrada Família,35,15446
2015,2,Eixample,6,la Sagrada Família,36,17443
2015,2,Eixample,6,la Sagrada Família,37,16940
2015,2,Eixample,6,la Sagrada Família,38,16916
2015,2,Eixample,6,la Sagrada Família,39,14294
2015,2,Eixample,6,la Sagrada Família,40,13883
2015,2,Eixample,6,la Sagrada Família,41,15532
2015,2,Eixample,6,la Sagrada Família,42,17506
2015,2,Eixample,6,la Sagrada Família,43,16395
2015,2,Eixample,6,la Sagrada Família,44,13938
2015,2,Eixample,6,la Sagrada Família,45,16281
2015,2,Eixample,6,la Sagrada Família,46,14253
2015,2,Eixample,6,la Sagrada Família,47,14995
2015,2,Eixample,6,la Sagrada Família,48,15035
2015,2,Eixample,6,la Sagrada Família,49,14364
2015,2,Eixample,6,la Sagrada Família,50,14958
2015,2,Eixample,6,la Sagrada Família,51,15203
2015,2,Eixample,6,la Sagrada Família,52,14829
2015,2,Eixample,6,la Sagrada Família,53,15699
2015,2,Eixample,6,la Sagrada Família,54,16329
2015,2,Eixample,7,la Dreta de l'Eixample,55,17038
2015,2,Eixample,7,la Dreta de l'Eixample,56,16965
2015,2,Eixample,7,la Dreta de l'Eixample,57,20260
2015,2,Eixample,7,la Dreta de l'Eixample,58,18479
2015,2,Eixample,7,la Dreta de l'Eixample,59,19355
2015,2,Eixample,7,la Dreta de l'Eixample,60,17639
2015,2,Eixample,7,la Dreta de l'Eixample,61,15374
2015,2,Eixample,7,la Dreta de l'Eixample,62,18289
2015,2,Eixample,7,la Dreta de l'Eixample,63,24794
2015,2,Eixample,7,la Dreta de l'Eixample,64,21470
2015,2,Eixample,7,la Dreta de l'Eixample,65,18021
2015,2,Eixample,7,la Dreta de l'Eixample,66,17838
2015,2,Eixample,7,la Dreta de l'Eixample,67,15359
2015,2,Eixample,7,la Dreta de l'Eixample,68,16183
2015,2,Eixample,7,la Dreta de l'Eixample,69,18812
2015,2,Eixample,7,la Dreta de l'Eixample,70,19525
2015,2,Eixample,7,la Dreta de l'Eixample,71,19783
2015,2,Eixample,7,la Dreta de l'Eixample,72,21388
2015,2,Eixample,7,la Dreta de l'Eixample,73,19421
2015,2,Eixample,7,la Dreta de l'Eixample,74,19254
2015,2,Eixample,7,la Dreta de l'Eixample,75,17179
2015,2,Eixample,7,la Dreta de l'Eixample,76,20078
2015,2,Eixample,7,la Dreta de l'Eixample,77,22163
2015,2,Eixample,7,la Dreta de l'Eixample,78,22594
2015,2,Eixample,7,la Dreta de l'Eixample,79,28339
2015,2,Eixample,7,la Dreta de l'Eixample,80,23887
2015,2,Eixample,7,la Dreta de l'Eixample,81,22073
2015,2,Eixample,7,la Dreta de l'Eixample,82,20957
2015,2,Eixample,7,la Dreta de l'Eixample,83,22987
2015,2,Eixample,8,l'Antiga Esquerra de l'Eixample,84,18890
2015,2,Eixample,8,l'Antiga Esquerra de l'Eixample,85,18849
2015,2,Eixample,8,l'Antiga Esquerra de l'Eixample,86,19695
2015,2,Eixample,8,l'Antiga Esquerra de l'Eixample,87,18412
2015,2,Eixample,8,l'Antiga Esquerra de l'Eixample,88,18977
2015,2,Eixample,8,l'Antiga Esquerra de l'Eixample,89,17366
2015,2,Eixample,8,l'Antiga Esquerra de l'Eixample,90,17301
2015,2,Eixample,8,l'Antiga Esquerra de l'Eixample,91,17382
2015,2,Eixample,8,l'Antiga Esquerra de l'Eixample,92,17097
2015,2,Eixample,8,l'Antiga Esquerra de l'Eixample,93,18116
2015,2,Eixample,8,l'Antiga Esquerra de l'Eixample,94,18515
2015,2,Eixample,8,l'Antiga Esquerra de l'Eixample,95,17090
2015,2,Eixample,8,l'Antiga Esquerra de l'Eixample,96,15936
2015,2,Eixample,8,l'Antiga Esquerra de l'Eixample,97,14954
2015,2,Eixample,8,l'Antiga Esquerra de l'Eixample,98,16512
2015,2,Eixample,8,l'Antiga Esquerra de l'Eixample,99,18658
2015,2,Eixample,8,l'Antiga Esquerra de l'Eixample,100,18243
2015,2,Eixample,8,l'Antiga Esquerra de l'Eixample,101,17060
2015,2,Eixample,8,l'Antiga Esquerra de l'Eixample,102,19789
2015,2,Eixample,8,l'Antiga Esquerra de l'Eixample,103,14945
2015,2,Eixample,8,l'Antiga Esquerra de l'Eixample,104,19561
2015,2,Eixample,8,l'Antiga Esquerra de l'Eixample,105,15896
2015,2,Eixample,8,l'Antiga Esquerra de l'Eixample,106,20244
2015,2,Eixample,8,l'Antiga Esquerra de l'Eixample,107,20612
2015,2,Eixample,8,l'Antiga Esquerra de l'Eixample,108,21004
2015,2,Eixample,8,l'Antiga Esquerra de l'Eixample,109,21460
2015,2,Eixample,9,la Nova Esquerra de l'Eixample,110,16917
2015,2,Eixample,9,la Nova Esquerra de l'Eixample,111,18119
2015,2,Eixample,9,la Nova Esquerra de l'Eixample,112,20175
2015,2,Eixample,9,la Nova Esquerra de l'Eixample,113,20358
2015,2,Eixample,9,la Nova Esquerra de l'Eixample,114,18236
2015,2,Eixample,9,la Nova Esquerra de l'Eixample,115,15459
2015,2,Eixample,9,la Nova Esquerra de l'Eixample,116,19380
2015,2,Eixample,9,la Nova Esquerra de l'Eixample,117,18019
2015,2,Eixample,9,la Nova Esquerra de l'Eixample,118,19380
2015,2,Eixample,9,la Nova Esquerra de l'Eixample,119,17628
2015,2,Eixample,9,la Nova Esquerra de l'Eixample,120,17015
2015,2,Eixample,9,la Nova Esquerra de l'Eixample,121,17765
2015,2,Eixample,9,la Nova Esquerra de l'Eixample,122,20946
2015,2,Eixample,9,la Nova Esquerra de l'Eixample,123,16312
2015,2,Eixample,9,la Nova Esquerra de l'Eixample,124,18823
2015,2,Eixample,9,la Nova Esquerra de l'Eixample,125,17343
2015,2,Eixample,9,la Nova Esquerra de l'Eixample,126,16944
2015,2,Eixample,9,la Nova Esquerra de l'Eixample,127,16663
2015,2,Eixample,9,la Nova Esquerra de l'Eixample,128,15476
2015,2,Eixample,9,la Nova Esquerra de l'Eixample,129,17051
2015,2,Eixample,9,la Nova Esquerra de l'Eixample,130,23832
2015,2,Eixample,9,la Nova Esquerra de l'Eixample,131,16176
2015,2,Eixample,9,la Nova Esquerra de l'Eixample,132,15853
2015,2,Eixample,9,la Nova Esquerra de l'Eixample,133,17917
2015,2,Eixample,9,la Nova Esquerra de l'Eixample,134,15943
2015,2,Eixample,9,la Nova Esquerra de l'Eixample,135,14829
2015,2,Eixample,9,la Nova Esquerra de l'Eixample,136,18546
2015,2,Eixample,9,la Nova Esquerra de l'Eixample,137,14847
2015,2,Eixample,9,la Nova Esquerra de l'Eixample,138,17409
2015,2,Eixample,9,la Nova Esquerra de l'Eixample,139,14937
2015,2,Eixample,9,la Nova Esquerra de l'Eixample,140,16786
2015,2,Eixample,9,la Nova Esquerra de l'Eixample,141,15897
2015,2,Eixample,9,la Nova Esquerra de l'Eixample,142,13852
2015,2,Eixample,9,la Nova Esquerra de l'Eixample,143,16563
2015,2,Eixample,9,la Nova Esquerra de l'Eixample,144,17304
2015,2,Eixample,9,la Nova Esquerra de l'Eixample,145,15939
2015,2,Eixample,9,la Nova Esquerra de l'Eixample,146,15695
2015,2,Eixample,9,la Nova Esquerra de l'Eixample,147,14633
2015,2,Eixample,9,la Nova Esquerra de l'Eixample,148,16465
2015,2,Eixample,9,la Nova Esquerra de l'Eixample,149,15054
2015,2,Eixample,10,Sant Antoni,150,13788
2015,2,Eixample,10,Sant Antoni,151,15228
2015,2,Eixample,10,Sant Antoni,152,17878
2015,2,Eixample,10,Sant Antoni,153,16565
2015,2,Eixample,10,Sant Antoni,154,13262
2015,2,Eixample,10,Sant Antoni,155,13823
2015,2,Eixample,10,Sant Antoni,156,15092
2015,2,Eixample,10,Sant Antoni,157,14135
2015,2,Eixample,10,Sant Antoni,158,16885
2015,2,Eixample,10,Sant Antoni,159,15555
2015,2,Eixample,10,Sant Antoni,160,16653
2015,2,Eixample,10,Sant Antoni,161,15223
2015,2,Eixample,10,Sant Antoni,162,14067
2015,2,Eixample,10,Sant Antoni,163,17013
2015,2,Eixample,10,Sant Antoni,164,16411
2015,2,Eixample,10,Sant Antoni,165,16003
2015,2,Eixample,10,Sant Antoni,166,14528
2015,2,Eixample,10,Sant Antoni,167,15451
2015,2,Eixample,10,Sant Antoni,168,15413
2015,2,Eixample,10,Sant Antoni,169,13675
2015,2,Eixample,10,Sant Antoni,170,13508
2015,2,Eixample,10,Sant Antoni,171,13581
2015,2,Eixample,10,Sant Antoni,172,13354
2015,2,Eixample,10,Sant Antoni,173,15007
2015,3,Sants-Montjuïc,11,el Poble Sec,1,12432
2015,3,Sants-Montjuïc,11,el Poble Sec,2,11000
2015,3,Sants-Montjuïc,11,el Poble Sec,3,10736
2015,3,Sants-Montjuïc,11,el Poble Sec,4,13549
2015,3,Sants-Montjuïc,11,el Poble Sec,5,11704
2015,3,Sants-Montjuïc,11,el Poble Sec,6,10764
2015,3,Sants-Montjuïc,11,el Poble Sec,7,10962
2015,3,Sants-Montjuïc,11,el Poble Sec,8,10348
2015,3,Sants-Montjuïc,11,el Poble Sec,9,11954
2015,3,Sants-Montjuïc,11,el Poble Sec,10,10750
2015,3,Sants-Montjuïc,11,el Poble Sec,11,9499
2015,3,Sants-Montjuïc,11,el Poble Sec,12,11221
2015,3,Sants-Montjuïc,11,el Poble Sec,13,9728
2015,3,Sants-Montjuïc,11,el Poble Sec,14,9431
2015,3,Sants-Montjuïc,11,el Poble Sec,15,10417
2015,3,Sants-Montjuïc,11,el Poble Sec,16,9263
2015,3,Sants-Montjuïc,11,el Poble Sec,17,9758
2015,3,Sants-Montjuïc,11,el Poble Sec,18,10934
2015,3,Sants-Montjuïc,11,el Poble Sec,19,10638
2015,3,Sants-Montjuïc,11,el Poble Sec,20,13332
2015,3,Sants-Montjuïc,11,el Poble Sec,21,13556
2015,3,Sants-Montjuïc,11,el Poble Sec,22,12131
2015,3,Sants-Montjuïc,11,el Poble Sec,23,9864
2015,3,Sants-Montjuïc,11,el Poble Sec,24,11076
2015,3,Sants-Montjuïc,12,la Marina del Prat Vermell,25,9003
2015,3,Sants-Montjuïc,13,la Marina de Port,26,13027
2015,3,Sants-Montjuïc,13,la Marina de Port,27,12534
2015,3,Sants-Montjuïc,13,la Marina de Port,28,14633
2015,3,Sants-Montjuïc,13,la Marina de Port,29,10729
2015,3,Sants-Montjuïc,13,la Marina de Port,30,12272
2015,3,Sants-Montjuïc,13,la Marina de Port,31,11395
2015,3,Sants-Montjuïc,13,la Marina de Port,32,10118
2015,3,Sants-Montjuïc,13,la Marina de Port,33,9002
2015,3,Sants-Montjuïc,13,la Marina de Port,34,11809
2015,3,Sants-Montjuïc,13,la Marina de Port,35,12299
2015,3,Sants-Montjuïc,13,la Marina de Port,36,13696
2015,3,Sants-Montjuïc,13,la Marina de Port,37,12092
2015,3,Sants-Montjuïc,13,la Marina de Port,38,8614
2015,3,Sants-Montjuïc,13,la Marina de Port,39,9067
2015,3,Sants-Montjuïc,14,la Font de la Guatlla,40,16086
2015,3,Sants-Montjuïc,14,la Font de la Guatlla,41,12582
2015,3,Sants-Montjuïc,14,la Font de la Guatlla,42,12412
2015,3,Sants-Montjuïc,14,la Font de la Guatlla,43,13296
2015,3,Sants-Montjuïc,14,la Font de la Guatlla,44,12275
2015,3,Sants-Montjuïc,14,la Font de la Guatlla,45,14297
2015,3,Sants-Montjuïc,14,la Font de la Guatlla,46,17089
2015,3,Sants-Montjuïc,15,Hostafrancs,47,12525
2015,3,Sants-Montjuïc,15,Hostafrancs,48,16361
2015,3,Sants-Montjuïc,15,Hostafrancs,49,13973
2015,3,Sants-Montjuïc,15,Hostafrancs,50,13779
2015,3,Sants-Montjuïc,15,Hostafrancs,51,11683
2015,3,Sants-Montjuïc,15,Hostafrancs,52,11383
2015,3,Sants-Montjuïc,15,Hostafrancs,53,11950
2015,3,Sants-Montjuïc,15,Hostafrancs,54,14207
2015,3,Sants-Montjuïc,15,Hostafrancs,55,13505
2015,3,Sants-Montjuïc,15,Hostafrancs,56,14336
2015,3,Sants-Montjuïc,16,la Bordeta,57,12697
2015,3,Sants-Montjuïc,16,la Bordeta,58,15190
2015,3,Sants-Montjuïc,16,la Bordeta,59,12286
2015,3,Sants-Montjuïc,16,la Bordeta,60,14449
2015,3,Sants-Montjuïc,16,la Bordeta,61,12643
2015,3,Sants-Montjuïc,16,la Bordeta,62,13045
2015,3,Sants-Montjuïc,16,la Bordeta,63,11942
2015,3,Sants-Montjuïc,16,la Bordeta,64,13741
2015,3,Sants-Montjuïc,16,la Bordeta,65,13842
2015,3,Sants-Montjuïc,16,la Bordeta,66,12941
2015,3,Sants-Montjuïc,16,la Bordeta,67,13457
2015,3,Sants-Montjuïc,16,la Bordeta,68,13376
2015,3,Sants-Montjuïc,16,la Bordeta,69,14302
2015,3,Sants-Montjuïc,17,Sants - Badal,70,11889
2015,3,Sants-Montjuïc,17,Sants - Badal,71,11381
2015,3,Sants-Montjuïc,17,Sants - Badal,72,11743
2015,3,Sants-Montjuïc,17,Sants - Badal,73,14000
2015,3,Sants-Montjuïc,17,Sants - Badal,74,12816
2015,3,Sants-Montjuïc,17,Sants - Badal,75,12802
2015,3,Sants-Montjuïc,17,Sants - Badal,76,13124
2015,3,Sants-Montjuïc,17,Sants - Badal,77,12947
2015,3,Sants-Montjuïc,17,Sants - Badal,78,12846
2015,3,Sants-Montjuïc,17,Sants - Badal,79,11323
2015,3,Sants-Montjuïc,17,Sants - Badal,80,13484
2015,3,Sants-Montjuïc,17,Sants - Badal,81,13893
2015,3,Sants-Montjuïc,17,Sants - Badal,82,15599
2015,3,Sants-Montjuïc,17,Sants - Badal,83,17566
2015,3,Sants-Montjuïc,17,Sants - Badal,84,14764
2015,3,Sants-Montjuïc,17,Sants - Badal,85,13975
2015,3,Sants-Montjuïc,18,Sants,86,18919
2015,3,Sants-Montjuïc,18,Sants,87,16618
2015,3,Sants-Montjuïc,18,Sants,88,14073
2015,3,Sants-Montjuïc,18,Sants,89,16726
2015,3,Sants-Montjuïc,18,Sants,90,18478
2015,3,Sants-Montjuïc,18,Sants,91,14926
2015,3,Sants-Montjuïc,18,Sants,92,13822
2015,3,Sants-Montjuïc,18,Sants,93,14873
2015,3,Sants-Montjuïc,18,Sants,94,15785
2015,3,Sants-Montjuïc,18,Sants,95,13783
2015,3,Sants-Montjuïc,18,Sants,96,12512
2015,3,Sants-Montjuïc,18,Sants,97,9088
2015,3,Sants-Montjuïc,18,Sants,98,11718
2015,3,Sants-Montjuïc,18,Sants,99,13446
2015,3,Sants-Montjuïc,18,Sants,100,13396
2015,3,Sants-Montjuïc,18,Sants,101,12956
2015,3,Sants-Montjuïc,18,Sants,102,14367
2015,3,Sants-Montjuïc,18,Sants,103,14383
2015,3,Sants-Montjuïc,18,Sants,104,12908
2015,3,Sants-Montjuïc,18,Sants,105,12415
2015,3,Sants-Montjuïc,18,Sants,106,13125
2015,3,Sants-Montjuïc,18,Sants,107,15774
2015,3,Sants-Montjuïc,18,Sants,108,13167
2015,3,Sants-Montjuïc,18,Sants,109,13946
2015,3,Sants-Montjuïc,18,Sants,110,14848
2015,3,Sants-Montjuïc,18,Sants,111,14117
2015,3,Sants-Montjuïc,18,Sants,112,16971
2015,3,Sants-Montjuïc,18,Sants,113,19264
2015,3,Sants-Montjuïc,18,Sants,114,17899
2015,3,Sants-Montjuïc,13,la Marina de Port,211,12460
2015,3,Sants-Montjuïc,13,la Marina de Port,212,11665
2015,3,Sants-Montjuïc,13,la Marina de Port,213,9297
2015,4,Les Corts,19,les Corts,1,16411
2015,4,Les Corts,19,les Corts,2,19577
2015,4,Les Corts,19,les Corts,3,17199
2015,4,Les Corts,19,les Corts,4,17189
2015,4,Les Corts,19,les Corts,5,17163
2015,4,Les Corts,19,les Corts,6,16742
2015,4,Les Corts,19,les Corts,7,14731
2015,4,Les Corts,19,les Corts,8,15366
2015,4,Les Corts,19,les Corts,9,16737
2015,4,Les Corts,19,les Corts,10,18727
2015,4,Les Corts,19,les Corts,11,21043
2015,4,Les Corts,19,les Corts,12,18593
2015,4,Les Corts,19,les Corts,13,19920
2015,4,Les Corts,19,les Corts,14,20076
2015,4,Les Corts,19,les Corts,15,19352
2015,4,Les Corts,19,les Corts,16,19386
2015,4,Les Corts,19,les Corts,17,19425
2015,4,Les Corts,19,les Corts,18,20301
2015,4,Les Corts,19,les Corts,19,23593
2015,4,Les Corts,19,les Corts,20,19480
2015,4,Les Corts,19,les Corts,21,23402
2015,4,Les Corts,19,les Corts,22,19511
2015,4,Les Corts,19,les Corts,23,28339
2015,4,Les Corts,19,les Corts,24,28329
2015,4,Les Corts,19,les Corts,25,17956
2015,4,Les Corts,19,les Corts,26,18008
2015,4,Les Corts,19,les Corts,27,19284
2015,4,Les Corts,19,les Corts,28,17895
2015,4,Les Corts,19,les Corts,29,20846
2015,4,Les Corts,19,les Corts,30,21045
2015,4,Les Corts,19,les Corts,31,15078
2015,4,Les Corts,19,les Corts,32,17162
2015,4,Les Corts,19,les Corts,33,16314
2015,4,Les Corts,19,les Corts,34,21456
2015,4,Les Corts,19,les Corts,35,19986
2015,4,Les Corts,20,la Maternitat i Sant Ramon,36,14163
2015,4,Les Corts,20,la Maternitat i Sant Ramon,37,16927
2015,4,Les Corts,20,la Maternitat i Sant Ramon,38,17378
2015,4,Les Corts,20,la Maternitat i Sant Ramon,39,15638
2015,4,Les Corts,20,la Maternitat i Sant Ramon,40,12838
2015,4,Les Corts,20,la Maternitat i Sant Ramon,41,14042
2015,4,Les Corts,20,la Maternitat i Sant Ramon,42,14302
2015,4,Les Corts,20,la Maternitat i Sant Ramon,43,19862
2015,4,Les Corts,20,la Maternitat i Sant Ramon,44,15817
2015,4,Les Corts,20,la Maternitat i Sant Ramon,45,15028
2015,4,Les Corts,20,la Maternitat i Sant Ramon,46,21698
2015,4,Les Corts,20,la Maternitat i Sant Ramon,47,18437
2015,4,Les Corts,20,la Maternitat i Sant Ramon,48,19332
2015,4,Les Corts,20,la Maternitat i Sant Ramon,49,23996
2015,4,Les Corts,21,Pedralbes,50,28315
2015,4,Les Corts,21,Pedralbes,51,20310
2015,4,Les Corts,21,Pedralbes,52,28339
2015,4,Les Corts,21,Pedralbes,53,19894
2015,4,Les Corts,21,Pedralbes,54,28183
2015,4,Les Corts,21,Pedralbes,55,28339
2015,4,Les Corts,21,Pedralbes,56,28339
2015,4,Les Corts,20,la Maternitat i Sant Ramon,84,22195
2015,5,Sarrià-Sant Gervasi,22,"Vallvidrera, el Tibidabo i les Planes",1,12602
2015,5,Sarrià-Sant Gervasi,22,"Vallvidrera, el Tibidabo i les Planes",2,21535
2015,5,Sarrià-Sant Gervasi,22,"Vallvidrera, el Tibidabo i les Planes",3,18708
2015,5,Sarrià-Sant Gervasi,23,Sarrià,4,25023
2015,5,Sarrià-Sant Gervasi,23,Sarrià,5,24007
2015,5,Sarrià-Sant Gervasi,23,Sarrià,6,28339
2015,5,Sarrià-Sant Gervasi,23,Sarrià,7,23995
2015,5,Sarrià-Sant Gervasi,23,Sarrià,8,23409
2015,5,Sarrià-Sant Gervasi,23,Sarrià,9,21801
2015,5,Sarrià-Sant Gervasi,23,Sarrià,10,20366
2015,5,Sarrià-Sant Gervasi,23,Sarrià,11,22091
2015,5,Sarrià-Sant Gervasi,23,Sarrià,12,19600
2015,5,Sarrià-Sant Gervasi,23,Sarrià,13,20324
2015,5,Sarrià-Sant Gervasi,23,Sarrià,14,22082
2015,5,Sarrià-Sant Gervasi,23,Sarrià,15,20272
2015,5,Sarrià-Sant Gervasi,23,Sarrià,16,17562
2015,5,Sarrià-Sant Gervasi,23,Sarrià,17,27672
2015,5,Sarrià-Sant Gervasi,23,Sarrià,18,21396
2015,5,Sarrià-Sant Gervasi,23,Sarrià,19,26561
2015,5,Sarrià-Sant Gervasi,24,les Tres Torres,20,23779
2015,5,Sarrià-Sant Gervasi,24,les Tres Torres,21,28339
2015,5,Sarrià-Sant Gervasi,24,les Tres Torres,22,27241
2015,5,Sarrià-Sant Gervasi,24,les Tres Torres,23,18849
2015,5,Sarrià-Sant Gervasi,24,les Tres Torres,24,28339
2015,5,Sarrià-Sant Gervasi,24,les Tres Torres,25,28339
2015,5,Sarrià-Sant Gervasi,24,les Tres Torres,26,28339
2015,5,Sarrià-Sant Gervasi,24,les Tres Torres,27,28339
2015,5,Sarrià-Sant Gervasi,24,les Tres Torres,28,26593
2015,5,Sarrià-Sant Gervasi,24,les Tres Torres,29,28008
2015,5,Sarrià-Sant Gervasi,24,les Tres Torres,30,28339
2015,5,Sarrià-Sant Gervasi,25,Sant Gervasi - la Bonanova,31,28339
2015,5,Sarrià-Sant Gervasi,25,Sant Gervasi - la Bonanova,32,28339
2015,5,Sarrià-Sant Gervasi,25,Sant Gervasi - la Bonanova,33,27566
2015,5,Sarrià-Sant Gervasi,25,Sant Gervasi - la Bonanova,34,20220
2015,5,Sarrià-Sant Gervasi,25,Sant Gervasi - la Bonanova,35,28339
2015,5,Sarrià-Sant Gervasi,25,Sant Gervasi - la Bonanova,36,25810
2015,5,Sarrià-Sant Gervasi,25,Sant Gervasi - la Bonanova,37,21421
2015,5,Sarrià-Sant Gervasi,25,Sant Gervasi - la Bonanova,38,18858
2015,5,Sarrià-Sant Gervasi,25,Sant Gervasi - la Bonanova,39,24388
2015,5,Sarrià-Sant Gervasi,25,Sant Gervasi - la Bonanova,40,18547
2015,5,Sarrià-Sant Gervasi,25,Sant Gervasi - la Bonanova,41,18416
2015,5,Sarrià-Sant Gervasi,25,Sant Gervasi - la Bonanova,42,20374
2015,5,Sarrià-Sant Gervasi,25,Sant Gervasi - la Bonanova,43,20209
2015,5,Sarrià-Sant Gervasi,25,Sant Gervasi - la Bonanova,44,17872
2015,5,Sarrià-Sant Gervasi,25,Sant Gervasi - la Bonanova,45,21574
2015,5,Sarrià-Sant Gervasi,25,Sant Gervasi - la Bonanova,46,28339
2015,5,Sarrià-Sant Gervasi,25,Sant Gervasi - la Bonanova,47,23352
2015,5,Sarrià-Sant Gervasi,25,Sant Gervasi - la Bonanova,48,25074
2015,5,Sarrià-Sant Gervasi,26,Sant Gervasi - Galvany,49,28339
2015,5,Sarrià-Sant Gervasi,26,Sant Gervasi - Galvany,50,21588
2015,5,Sarrià-Sant Gervasi,26,Sant Gervasi - Galvany,51,24906
2015,5,Sarrià-Sant Gervasi,26,Sant Gervasi - Galvany,52,28339
2015,5,Sarrià-Sant Gervasi,26,Sant Gervasi - Galvany,53,28339
2015,5,Sarrià-Sant Gervasi,26,Sant Gervasi - Galvany,54,28339
2015,5,Sarrià-Sant Gervasi,26,Sant Gervasi - Galvany,55,28339
2015,5,Sarrià-Sant Gervasi,26,Sant Gervasi - Galvany,56,28339
2015,5,Sarrià-Sant Gervasi,26,Sant Gervasi - Galvany,57,28339
2015,5,Sarrià-Sant Gervasi,26,Sant Gervasi - Galvany,58,24653
2015,5,Sarrià-Sant Gervasi,26,Sant Gervasi - Galvany,59,28339
2015,5,Sarrià-Sant Gervasi,26,Sant Gervasi - Galvany,60,28339
2015,5,Sarrià-Sant Gervasi,26,Sant Gervasi - Galvany,61,19341
2015,5,Sarrià-Sant Gervasi,26,Sant Gervasi - Galvany,62,25098
2015,5,Sarrià-Sant Gervasi,26,Sant Gervasi - Galvany,63,22393
2015,5,Sarrià-Sant Gervasi,26,Sant Gervasi - Galvany,64,24525
2015,5,Sarrià-Sant Gervasi,26,Sant Gervasi - Galvany,65,22285
2015,5,Sarrià-Sant Gervasi,26,Sant Gervasi - Galvany,66,25811
2015,5,Sarrià-Sant Gervasi,26,Sant Gervasi - Galvany,67,23783
2015,5,Sarrià-Sant Gervasi,26,Sant Gervasi - Galvany,68,21713
2015,5,Sarrià-Sant Gervasi,26,Sant Gervasi - Galvany,69,20972
2015,5,Sarrià-Sant Gervasi,26,Sant Gervasi - Galvany,70,20128
2015,5,Sarrià-Sant Gervasi,26,Sant Gervasi - Galvany,71,19036
2015,5,Sarrià-Sant Gervasi,26,Sant Gervasi - Galvany,72,21785
2015,5,Sarrià-Sant Gervasi,26,Sant Gervasi - Galvany,73,20071
2015,5,Sarrià-Sant Gervasi,26,Sant Gervasi - Galvany,74,23267
2015,5,Sarrià-Sant Gervasi,26,Sant Gervasi - Galvany,75,21316
2015,5,Sarrià-Sant Gervasi,26,Sant Gervasi - Galvany,76,22173
2015,5,Sarrià-Sant Gervasi,26,Sant Gervasi - Galvany,77,22673
2015,5,Sarrià-Sant Gervasi,26,Sant Gervasi - Galvany,78,21920
2015,5,Sarrià-Sant Gervasi,26,Sant Gervasi - Galvany,79,21226
2015,5,Sarrià-Sant Gervasi,27,el Putget i Farró,80,18227
2015,5,Sarrià-Sant Gervasi,27,el Putget i Farró,81,19980
2015,5,Sarrià-Sant Gervasi,27,el Putget i Farró,82,18030
2015,5,Sarrià-Sant Gervasi,27,el Putget i Farró,83,18647
2015,5,Sarrià-Sant Gervasi,27,el Putget i Farró,84,17615
2015,5,Sarrià-Sant Gervasi,27,el Putget i Farró,85,17187
2015,5,Sarrià-Sant Gervasi,27,el Putget i Farró,86,18249
2015,5,Sarrià-Sant Gervasi,27,el Putget i Farró,87,20199
2015,5,Sarrià-Sant Gervasi,27,el Putget i Farró,88,19169
2015,5,Sarrià-Sant Gervasi,27,el Putget i Farró,89,20944
2015,5,Sarrià-Sant Gervasi,27,el Putget i Farró,90,19210
2015,5,Sarrià-Sant Gervasi,27,el Putget i Farró,91,19101
2015,5,Sarrià-Sant Gervasi,27,el Putget i Farró,92,23037
2015,5,Sarrià-Sant Gervasi,27,el Putget i Farró,93,20102
2015,5,Sarrià-Sant Gervasi,27,el Putget i Farró,94,22752
2015,5,Sarrià-Sant Gervasi,27,el Putget i Farró,95,17723
2015,5,Sarrià-Sant Gervasi,27,el Putget i Farró,96,17627
2015,5,Sarrià-Sant Gervasi,27,el Putget i Farró,97,20332
2015,5,Sarrià-Sant Gervasi,27,el Putget i Farró,98,18959
2015,6,Gràcia,28,Vallcarca i els Penitents,1,16059
2015,6,Gràcia,28,Vallcarca i els Penitents,2,16180
2015,6,Gràcia,28,Vallcarca i els Penitents,3,14936
2015,6,Gràcia,28,Vallcarca i els Penitents,4,16410
2015,6,Gràcia,28,Vallcarca i els Penitents,6,20384
2015,6,Gràcia,28,Vallcarca i els Penitents,7,17113
2015,6,Gràcia,28,Vallcarca i els Penitents,8,16099
2015,6,Gràcia,28,Vallcarca i els Penitents,9,26603
2015,6,Gràcia,28,Vallcarca i els Penitents,10,18182
2015,6,Gràcia,28,Vallcarca i els Penitents,11,17834
2015,6,Gràcia,28,Vallcarca i els Penitents,12,22176
2015,6,Gràcia,29,el Coll,13,15585
2015,6,Gràcia,29,el Coll,14,14678
2015,6,Gràcia,29,el Coll,15,12637
2015,6,Gràcia,29,el Coll,16,12288
2015,6,Gràcia,29,el Coll,17,12866
2015,6,Gràcia,30,la Salut,18,15291
2015,6,Gràcia,30,la Salut,19,15160
2015,6,Gràcia,30,la Salut,20,15647
2015,6,Gràcia,30,la Salut,21,18115
2015,6,Gràcia,30,la Salut,22,16160
2015,6,Gràcia,30,la Salut,23,21083
2015,6,Gràcia,30,la Salut,24,17003
2015,6,Gràcia,30,la Salut,25,17469
2015,6,Gràcia,30,la Salut,26,15020
2015,6,Gràcia,30,la Salut,27,18398
2015,6,Gràcia,31,Vila de Gràcia,28,14956
2015,6,Gràcia,31,Vila de Gràcia,29,16920
2015,6,Gràcia,31,Vila de Gràcia,30,14370
2015,6,Gràcia,31,Vila de Gràcia,31,15542
2015,6,Gràcia,31,Vila de Gràcia,32,14364
2015,6,Gràcia,31,Vila de Gràcia,33,16177
2015,6,Gràcia,31,Vila de Gràcia,34,15093
2015,6,Gràcia,31,Vila de Gràcia,35,18478
2015,6,Gràcia,31,Vila de Gràcia,36,18372
2015,6,Gràcia,31,Vila de Gràcia,37,16862
2015,6,Gràcia,31,Vila de Gràcia,38,15932
2015,6,Gràcia,31,Vila de Gràcia,39,14772
2015,6,Gràcia,31,Vila de Gràcia,40,17275
2015,6,Gràcia,31,Vila de Gràcia,41,16392
2015,6,Gràcia,31,Vila de Gràcia,42,18066
2015,6,Gràcia,31,Vila de Gràcia,43,16567
2015,6,Gràcia,31,Vila de Gràcia,44,18752
2015,6,Gràcia,31,Vila de Gràcia,45,16731
2015,6,Gràcia,31,Vila de Gràcia,46,13828
2015,6,Gràcia,31,Vila de Gràcia,47,12182
2015,6,Gràcia,31,Vila de Gràcia,48,14205
2015,6,Gràcia,31,Vila de Gràcia,49,14902
2015,6,Gràcia,31,Vila de Gràcia,50,12847
2015,6,Gràcia,31,Vila de Gràcia,51,14087
2015,6,Gràcia,31,Vila de Gràcia,52,14283
2015,6,Gràcia,31,Vila de Gràcia,53,15329
2015,6,Gràcia,31,Vila de Gràcia,54,14683
2015,6,Gràcia,31,Vila de Gràcia,55,15080
2015,6,Gràcia,31,Vila de Gràcia,56,13588
2015,6,Gràcia,31,Vila de Gràcia,57,14102
2015,6,Gràcia,31,Vila de Gràcia,58,14758
2015,6,Gràcia,31,Vila de Gràcia,59,15269
2015,6,Gràcia,31,Vila de Gràcia,60,13947
2015,6,Gràcia,31,Vila de Gràcia,61,16085
2015,6,Gràcia,31,Vila de Gràcia,62,14250
2015,6,Gràcia,31,Vila de Gràcia,63,14180
2015,6,Gràcia,32,el Camp d'en Grassot i Gràcia Nova,64,17475
2015,6,Gràcia,32,el Camp d'en Grassot i Gràcia Nova,65,17387
2015,6,Gràcia,32,el Camp d'en Grassot i Gràcia Nova,66,15673
2015,6,Gràcia,32,el Camp d'en Grassot i Gràcia Nova,67,16145
2015,6,Gràcia,32,el Camp d'en Grassot i Gràcia Nova,68,17204
2015,6,Gràcia,32,el Camp d'en Grassot i Gràcia Nova,69,17689
2015,6,Gràcia,32,el Camp d'en Grassot i Gràcia Nova,70,15345
2015,6,Gràcia,32,el Camp d'en Grassot i Gràcia Nova,71,16531
2015,6,Gràcia,32,el Camp d'en Grassot i Gràcia Nova,72,18193
2015,6,Gràcia,32,el Camp d'en Grassot i Gràcia Nova,73,15443
2015,6,Gràcia,32,el Camp d'en Grassot i Gràcia Nova,74,15653
2015,6,Gràcia,32,el Camp d'en Grassot i Gràcia Nova,75,18364
2015,6,Gràcia,32,el Camp d'en Grassot i Gràcia Nova,76,17230
2015,6,Gràcia,32,el Camp d'en Grassot i Gràcia Nova,77,14579
2015,6,Gràcia,32,el Camp d'en Grassot i Gràcia Nova,78,14529
2015,6,Gràcia,32,el Camp d'en Grassot i Gràcia Nova,79,16170
2015,6,Gràcia,32,el Camp d'en Grassot i Gràcia Nova,80,15524
2015,6,Gràcia,32,el Camp d'en Grassot i Gràcia Nova,81,15650
2015,6,Gràcia,32,el Camp d'en Grassot i Gràcia Nova,82,16857
2015,6,Gràcia,32,el Camp d'en Grassot i Gràcia Nova,83,17466
2015,6,Gràcia,32,el Camp d'en Grassot i Gràcia Nova,84,15310
2015,6,Gràcia,32,el Camp d'en Grassot i Gràcia Nova,85,17408
2015,6,Gràcia,32,el Camp d'en Grassot i Gràcia Nova,86,19795
2015,6,Gràcia,32,el Camp d'en Grassot i Gràcia Nova,87,20164
2015,6,Gràcia,32,el Camp d'en Grassot i Gràcia Nova,88,16465
2015,7,Horta-Guinardó,33,el Baix Guinardó,1,16441
2015,7,Horta-Guinardó,33,el Baix Guinardó,2,14181
2015,7,Horta-Guinardó,33,el Baix Guinardó,3,14857
2015,7,Horta-Guinardó,33,el Baix Guinardó,4,14077
2015,7,Horta-Guinardó,33,el Baix Guinardó,5,14572
2015,7,Horta-Guinardó,33,el Baix Guinardó,6,16048
2015,7,Horta-Guinardó,33,el Baix Guinardó,7,13041
2015,7,Horta-Guinardó,33,el Baix Guinardó,8,17051
2015,7,Horta-Guinardó,33,el Baix Guinardó,9,13973
2015,7,Horta-Guinardó,33,el Baix Guinardó,10,14505
2015,7,Horta-Guinardó,33,el Baix Guinardó,11,15634
2015,7,Horta-Guinardó,33,el Baix Guinardó,12,14382
2015,7,Horta-Guinardó,33,el Baix Guinardó,13,16017
2015,7,Horta-Guinardó,33,el Baix Guinardó,14,12615
2015,7,Horta-Guinardó,33,el Baix Guinardó,15,13931
2015,7,Horta-Guinardó,33,el Baix Guinardó,16,16096
2015,7,Horta-Guinardó,33,el Baix Guinardó,17,14010
2015,7,Horta-Guinardó,33,el Baix Guinardó,18,15031
2015,7,Horta-Guinardó,33,el Baix Guinardó,19,14685
2015,7,Horta-Guinardó,34,Can Baró,20,14785
2015,7,Horta-Guinardó,34,Can Baró,21,16377
2015,7,Horta-Guinardó,34,Can Baró,22,13033
2015,7,Horta-Guinardó,34,Can Baró,23,10756
2015,7,Horta-Guinardó,34,Can Baró,24,13808
2015,7,Horta-Guinardó,34,Can Baró,25,12908
2015,7,Horta-Guinardó,34,Can Baró,26,13395
2015,7,Horta-Guinardó,35,el Guinardó,27,12877
2015,7,Horta-Guinardó,35,el Guinardó,28,13221
2015,7,Horta-Guinardó,35,el Guinardó,29,15491
2015,7,Horta-Guinardó,35,el Guinardó,30,13341
2015,7,Horta-Guinardó,35,el Guinardó,31,13017
2015,7,Horta-Guinardó,35,el Guinardó,32,14191
2015,7,Horta-Guinardó,35,el Guinardó,33,14728
2015,7,Horta-Guinardó,35,el Guinardó,34,15653
2015,7,Horta-Guinardó,35,el Guinardó,35,16363
2015,7,Horta-Guinardó,35,el Guinardó,36,16188
2015,7,Horta-Guinardó,35,el Guinardó,37,14718
2015,7,Horta-Guinardó,35,el Guinardó,38,13718
2015,7,Horta-Guinardó,35,el Guinardó,39,15033
2015,7,Horta-Guinardó,35,el Guinardó,40,14629
2015,7,Horta-Guinardó,35,el Guinardó,41,13018
2015,7,Horta-Guinardó,35,el Guinardó,42,13861
2015,7,Horta-Guinardó,35,el Guinardó,43,14251
2015,7,Horta-Guinardó,35,el Guinardó,44,15449
2015,7,Horta-Guinardó,35,el Guinardó,45,13888
2015,7,Horta-Guinardó,35,el Guinardó,46,13454
2015,7,Horta-Guinardó,35,el Guinardó,47,14111
2015,7,Horta-Guinardó,35,el Guinardó,48,14325
2015,7,Horta-Guinardó,35,el Guinardó,49,14789
2015,7,Horta-Guinardó,35,el Guinardó,50,13780
2015,7,Horta-Guinardó,35,el Guinardó,51,14000
2015,7,Horta-Guinardó,36,la Font d'en Fargues,52,17679
2015,7,Horta-Guinardó,36,la Font d'en Fargues,53,15960
2015,7,Horta-Guinardó,36,la Font d'en Fargues,54,18754
2015,7,Horta-Guinardó,36,la Font d'en Fargues,55,19729
2015,7,Horta-Guinardó,36,la Font d'en Fargues,56,14745
2015,7,Horta-Guinardó,36,la Font d'en Fargues,57,15494
2015,7,Horta-Guinardó,36,la Font d'en Fargues,58,14813
2015,7,Horta-Guinardó,37,el Carmel,59,10635
2015,7,Horta-Guinardó,37,el Carmel,60,10129
2015,7,Horta-Guinardó,37,el Carmel,61,11475
2015,7,Horta-Guinardó,37,el Carmel,62,11231
2015,7,Horta-Guinardó,37,el Carmel,63,9769
2015,7,Horta-Guinardó,37,el Carmel,64,10732
2015,7,Horta-Guinardó,37,el Carmel,65,9770
2015,7,Horta-Guinardó,37,el Carmel,66,9469
2015,7,Horta-Guinardó,37,el Carmel,67,9728
2015,7,Horta-Guinardó,37,el Carmel,68,9433
2015,7,Horta-Guinardó,37,el Carmel,69,9840
2015,7,Horta-Guinardó,37,el Carmel,70,10175
2015,7,Horta-Guinardó,37,el Carmel,71,11698
2015,7,Horta-Guinardó,37,el Carmel,72,11274
2015,7,Horta-Guinardó,37,el Carmel,73,10893
2015,7,Horta-Guinardó,37,el Carmel,74,10818
2015,7,Horta-Guinardó,37,el Carmel,75,10585
2015,7,Horta-Guinardó,37,el Carmel,76,10174
2015,7,Horta-Guinardó,37,el Carmel,77,9761
2015,7,Horta-Guinardó,37,el Carmel,78,10277
2015,7,Horta-Guinardó,37,el Carmel,79,10885
2015,7,Horta-Guinardó,37,el Carmel,80,11127
2015,7,Horta-Guinardó,38,la Teixonera,81,12170
2015,7,Horta-Guinardó,38,la Teixonera,82,11215
2015,7,Horta-Guinardó,38,la Teixonera,83,11660
2015,7,Horta-Guinardó,38,la Teixonera,84,11411
2015,7,Horta-Guinardó,38,la Teixonera,85,11907
2015,7,Horta-Guinardó,38,la Teixonera,86,11596
2015,7,Horta-Guinardó,38,la Teixonera,87,12368
2015,7,Horta-Guinardó,38,la Teixonera,88,10311
2015,7,Horta-Guinardó,39,Sant Genís dels Agudells,89,15123
2015,7,Horta-Guinardó,39,Sant Genís dels Agudells,90,11928
2015,7,Horta-Guinardó,39,Sant Genís dels Agudells,91,12926
2015,7,Horta-Guinardó,39,Sant Genís dels Agudells,92,10866
2015,7,Horta-Guinardó,39,Sant Genís dels Agudells,93,12873
2015,7,Horta-Guinardó,40,Montbau,94,13856
2015,7,Horta-Guinardó,40,Montbau,95,14469
2015,7,Horta-Guinardó,40,Montbau,96,12499
2015,7,Horta-Guinardó,40,Montbau,97,14770
2015,7,Horta-Guinardó,41,la Vall d'Hebron,98,17644
2015,7,Horta-Guinardó,41,la Vall d'Hebron,99,14781
2015,7,Horta-Guinardó,41,la Vall d'Hebron,100,14131
2015,7,Horta-Guinardó,41,la Vall d'Hebron,101,14635
2015,7,Horta-Guinardó,42,la Clota,102,12247
2015,7,Horta-Guinardó,43,Horta,103,12619
2015,7,Horta-Guinardó,43,Horta,104,11715
2015,7,Horta-Guinardó,43,Horta,105,14221
2015,7,Horta-Guinardó,43,Horta,106,15343
2015,7,Horta-Guinardó,43,Horta,107,15562
2015,7,Horta-Guinardó,43,Horta,108,14395
2015,7,Horta-Guinardó,43,Horta,109,12250
2015,7,Horta-Guinardó,43,Horta,110,14874
2015,7,Horta-Guinardó,43,Horta,111,17342
2015,7,Horta-Guinardó,43,Horta,112,14249
2015,7,Horta-Guinardó,43,Horta,113,12796
2015,7,Horta-Guinardó,43,Horta,114,14741
2015,7,Horta-Guinardó,43,Horta,115,16380
2015,7,Horta-Guinardó,43,Horta,116,13493
2015,7,Horta-Guinardó,43,Horta,117,12458
2015,7,Horta-Guinardó,43,Horta,118,14207
2015,7,Horta-Guinardó,43,Horta,119,12435
2015,7,Horta-Guinardó,43,Horta,120,13477
2015,7,Horta-Guinardó,43,Horta,121,12452
2015,7,Horta-Guinardó,43,Horta,122,13029
2015,7,Horta-Guinardó,43,Horta,123,13868
2015,8,Nou Barris,44,Vilapicina i la Torre Llobeta,1,13029
2015,8,Nou Barris,44,Vilapicina i la Torre Llobeta,2,15504
2015,8,Nou Barris,44,Vilapicina i la Torre Llobeta,3,13168
2015,8,Nou Barris,44,Vilapicina i la Torre Llobeta,4,12381
2015,8,Nou Barris,44,Vilapicina i la Torre Llobeta,5,13701
2015,8,Nou Barris,44,Vilapicina i la Torre Llobeta,6,13771
2015,8,Nou Barris,44,Vilapicina i la Torre Llobeta,7,14715
2015,8,Nou Barris,44,Vilapicina i la Torre Llobeta,8,14162
2015,8,Nou Barris,44,Vilapicina i la Torre Llobeta,9,12579
2015,8,Nou Barris,44,Vilapicina i la Torre Llobeta,10,13885
2015,8,Nou Barris,44,Vilapicina i la Torre Llobeta,11,15283
2015,8,Nou Barris,44,Vilapicina i la Torre Llobeta,12,12848
2015,8,Nou Barris,44,Vilapicina i la Torre Llobeta,13,13459
2015,8,Nou Barris,44,Vilapicina i la Torre Llobeta,14,12547
2015,8,Nou Barris,44,Vilapicina i la Torre Llobeta,15,11762
2015,8,Nou Barris,44,Vilapicina i la Torre Llobeta,16,12057
2015,8,Nou Barris,44,Vilapicina i la Torre Llobeta,17,14581
2015,8,Nou Barris,44,Vilapicina i la Torre Llobeta,18,12775
2015,8,Nou Barris,44,Vilapicina i la Torre Llobeta,19,11878
2015,8,Nou Barris,45,Porta,20,13638
2015,8,Nou Barris,45,Porta,21,12580
2015,8,Nou Barris,45,Porta,22,13729
2015,8,Nou Barris,45,Porta,23,11505
2015,8,Nou Barris,45,Porta,24,13325
2015,8,Nou Barris,45,Porta,25,11744
2015,8,Nou Barris,45,Porta,26,12630
2015,8,Nou Barris,45,Porta,27,13960
2015,8,Nou Barris,45,Porta,28,12011
2015,8,Nou Barris,45,Porta,29,10831
2015,8,Nou Barris,45,Porta,30,10955
2015,8,Nou Barris,45,Porta,31,12420
2015,8,Nou Barris,45,Porta,32,13130
2015,8,Nou Barris,45,Porta,33,11355
2015,8,Nou Barris,45,Porta,34,11058
2015,8,Nou Barris,45,Porta,35,11540
2015,8,Nou Barris,45,Porta,36,10193
2015,8,Nou Barris,45,Porta,37,11532
2015,8,Nou Barris,46,el Turó de la Peira,38,11155
2015,8,Nou Barris,46,el Turó de la Peira,39,11096
2015,8,Nou Barris,46,el Turó de la Peira,40,8649
2015,8,Nou Barris,46,el Turó de la Peira,41,7773
2015,8,Nou Barris,46,el Turó de la Peira,42,13343
2015,8,Nou Barris,46,el Turó de la Peira,43,11126
2015,8,Nou Barris,46,el Turó de la Peira,44,9551
2015,8,Nou Barris,46,el Turó de la Peira,45,9357
2015,8,Nou Barris,46,el Turó de la Peira,46,10727
2015,8,Nou Barris,46,el Turó de la Peira,47,8941
2015,8,Nou Barris,47,Can Peguera,48,8058
2015,8,Nou Barris,47,Can Peguera,49,9843
2015,8,Nou Barris,48,la Guineueta,50,14999
2015,8,Nou Barris,48,la Guineueta,51,13679
2015,8,Nou Barris,48,la Guineueta,52,12663
2015,8,Nou Barris,48,la Guineueta,53,14193
2015,8,Nou Barris,48,la Guineueta,54,13439
2015,8,Nou Barris,48,la Guineueta,55,16330
2015,8,Nou Barris,48,la Guineueta,56,12487
2015,8,Nou Barris,48,la Guineueta,57,12147
2015,8,Nou Barris,48,la Guineueta,58,11114
2015,8,Nou Barris,48,la Guineueta,59,11912
2015,8,Nou Barris,49,Canyelles,60,13537
2015,8,Nou Barris,49,Canyelles,61,11121
2015,8,Nou Barris,49,Canyelles,62,12315
2015,8,Nou Barris,49,Canyelles,63,15318
2015,8,Nou Barris,49,Canyelles,64,10871
2015,8,Nou Barris,50,les Roquetes,65,8486
2015,8,Nou Barris,50,les Roquetes,66,7977
2015,8,Nou Barris,50,les Roquetes,67,10085
2015,8,Nou Barris,50,les Roquetes,68,8910
2015,8,Nou Barris,50,les Roquetes,69,9020
2015,8,Nou Barris,50,les Roquetes,70,9163
2015,8,Nou Barris,50,les Roquetes,71,9746
2015,8,Nou Barris,50,les Roquetes,72,10532
2015,8,Nou Barris,50,les Roquetes,73,8410
2015,8,Nou Barris,50,les Roquetes,74,8921
2015,8,Nou Barris,51,Verdun,75,10554
2015,8,Nou Barris,51,Verdun,76,10925
2015,8,Nou Barris,51,Verdun,77,8399
2015,8,Nou Barris,51,Verdun,78,9680
2015,8,Nou Barris,51,Verdun,79,9602
2015,8,Nou Barris,51,Verdun,80,10136
2015,8,Nou Barris,51,Verdun,81,9168
2015,8,Nou Barris,51,Verdun,82,10497
2015,8,Nou Barris,52,la Prosperitat,83,10503
2015,8,Nou Barris,52,la Prosperitat,84,10947
2015,8,Nou Barris,52,la Prosperitat,85,10303
2015,8,Nou Barris,52,la Prosperitat,86,10896
2015,8,Nou Barris,52,la Prosperitat,87,10981
2015,8,Nou Barris,52,la Prosperitat,88,10752
2015,8,Nou Barris,52,la Prosperitat,89,10901
2015,8,Nou Barris,52,la Prosperitat,90,11539
2015,8,Nou Barris,52,la Prosperitat,91,11284
2015,8,Nou Barris,52,la Prosperitat,92,11881
2015,8,Nou Barris,52,la Prosperitat,93,10435
2015,8,Nou Barris,52,la Prosperitat,94,11717
2015,8,Nou Barris,52,la Prosperitat,95,13795
2015,8,Nou Barris,52,la Prosperitat,96,10852
2015,8,Nou Barris,52,la Prosperitat,97,10593
2015,8,Nou Barris,52,la Prosperitat,98,9954
2015,8,Nou Barris,52,la Prosperitat,99,10921
2015,8,Nou Barris,52,la Prosperitat,100,10868
2015,8,Nou Barris,52,la Prosperitat,101,11510
2015,8,Nou Barris,52,la Prosperitat,102,9837
2015,8,Nou Barris,53,la Trinitat Nova,103,7849
2015,8,Nou Barris,53,la Trinitat Nova,104,8601
2015,8,Nou Barris,53,la Trinitat Nova,105,8225
2015,8,Nou Barris,53,la Trinitat Nova,106,8282
2015,8,Nou Barris,53,la Trinitat Nova,107,8729
2015,8,Nou Barris,54,Torre Baró,108,7949
2015,8,Nou Barris,54,Torre Baró,109,7292
2015,8,Nou Barris,55,Ciutat Meridiana,110,6688
2015,8,Nou Barris,55,Ciutat Meridiana,111,7795
2015,8,Nou Barris,55,Ciutat Meridiana,112,7520
2015,8,Nou Barris,55,Ciutat Meridiana,113,7907
2015,8,Nou Barris,55,Ciutat Meridiana,114,8359
2015,8,Nou Barris,55,Ciutat Meridiana,115,7897
2015,8,Nou Barris,56,Vallbona,116,8238
2015,8,Nou Barris,48,la Guineueta,215,13457
2015,9,Sant Andreu,57,la Trinitat Vella,1,6855
2015,9,Sant Andreu,57,la Trinitat Vella,2,7760
2015,9,Sant Andreu,57,la Trinitat Vella,3,8057
2015,9,Sant Andreu,57,la Trinitat Vella,4,8904
2015,9,Sant Andreu,57,la Trinitat Vella,5,11458
2015,9,Sant Andreu,58,Baró de Viver,6,8041
2015,9,Sant Andreu,58,Baró de Viver,7,8032
2015,9,Sant Andreu,59,el Bon Pastor,8,15160
2015,9,Sant Andreu,59,el Bon Pastor,9,12707
2015,9,Sant Andreu,59,el Bon Pastor,10,10941
2015,9,Sant Andreu,59,el Bon Pastor,11,8940
2015,9,Sant Andreu,59,el Bon Pastor,13,8286
2015,9,Sant Andreu,59,el Bon Pastor,14,8306
2015,9,Sant Andreu,59,el Bon Pastor,15,9924
2015,9,Sant Andreu,60,Sant Andreu,16,13952
2015,9,Sant Andreu,60,Sant Andreu,17,13421
2015,9,Sant Andreu,60,Sant Andreu,18,13324
2015,9,Sant Andreu,60,Sant Andreu,19,14479
2015,9,Sant Andreu,60,Sant Andreu,20,14615
2015,9,Sant Andreu,60,Sant Andreu,21,15306
2015,9,Sant Andreu,60,Sant Andreu,22,15897
2015,9,Sant Andreu,60,Sant Andreu,23,15199
2015,9,Sant Andreu,60,Sant Andreu,24,14832
2015,9,Sant Andreu,60,Sant Andreu,25,14910
2015,9,Sant Andreu,60,Sant Andreu,26,15505
2015,9,Sant Andreu,60,Sant Andreu,27,15318
2015,9,Sant Andreu,60,Sant Andreu,28,16847
2015,9,Sant Andreu,60,Sant Andreu,29,13705
2015,9,Sant Andreu,60,Sant Andreu,30,15210
2015,9,Sant Andreu,60,Sant Andreu,31,16283
2015,9,Sant Andreu,60,Sant Andreu,32,11751
2015,9,Sant Andreu,60,Sant Andreu,33,13773
2015,9,Sant Andreu,60,Sant Andreu,34,12877
2015,9,Sant Andreu,60,Sant Andreu,35,13340
2015,9,Sant Andreu,60,Sant Andreu,36,14494
2015,9,Sant Andreu,60,Sant Andreu,37,12497
2015,9,Sant Andreu,60,Sant Andreu,38,14825
2015,9,Sant Andreu,60,Sant Andreu,39,14347
2015,9,Sant Andreu,60,Sant Andreu,40,14882
2015,9,Sant Andreu,60,Sant Andreu,41,13753
2015,9,Sant Andreu,60,Sant Andreu,42,14878
2015,9,Sant Andreu,60,Sant Andreu,43,13438
2015,9,Sant Andreu,60,Sant Andreu,44,14295
2015,9,Sant Andreu,60,Sant Andreu,45,14266
2015,9,Sant Andreu,60,Sant Andreu,46,14900
2015,9,Sant Andreu,60,Sant Andreu,47,15270
2015,9,Sant Andreu,60,Sant Andreu,48,14261
2015,9,Sant Andreu,60,Sant Andreu,49,13315
2015,9,Sant Andreu,60,Sant Andreu,50,15376
2015,9,Sant Andreu,60,Sant Andreu,51,14724
2015,9,Sant Andreu,60,Sant Andreu,52,13866
2015,9,Sant Andreu,60,Sant Andreu,53,16258
2015,9,Sant Andreu,60,Sant Andreu,54,15098
2015,9,Sant Andreu,61,la Sagrera,55,12418
2015,9,Sant Andreu,61,la Sagrera,56,14478
2015,9,Sant Andreu,61,la Sagrera,57,13295
2015,9,Sant Andreu,61,la Sagrera,58,14262
2015,9,Sant Andreu,61,la Sagrera,59,12923
2015,9,Sant Andreu,61,la Sagrera,60,13144
2015,9,Sant Andreu,61,la Sagrera,61,14992
2015,9,Sant Andreu,61,la Sagrera,62,12716
2015,9,Sant Andreu,61,la Sagrera,63,15310
2015,9,Sant Andreu,61,la Sagrera,64,14256
2015,9,Sant Andreu,61,la Sagrera,65,13616
2015,9,Sant Andreu,61,la Sagrera,66,15198
2015,9,Sant Andreu,61,la Sagrera,67,12947
2015,9,Sant Andreu,61,la Sagrera,68,15370
2015,9,Sant Andreu,61,la Sagrera,69,13726
2015,9,Sant Andreu,61,la Sagrera,70,10534
2015,9,Sant Andreu,61,la Sagrera,71,13584
2015,9,Sant Andreu,61,la Sagrera,72,10945
2015,9,Sant Andreu,61,la Sagrera,73,13639
2015,9,Sant Andreu,62,el Congrés i els Indians,74,13384
2015,9,Sant Andreu,62,el Congrés i els Indians,75,12921
2015,9,Sant Andreu,62,el Congrés i els Indians,76,12910
2015,9,Sant Andreu,62,el Congrés i els Indians,77,13428
2015,9,Sant Andreu,62,el Congrés i els Indians,78,13167
2015,9,Sant Andreu,62,el Congrés i els Indians,79,14304
2015,9,Sant Andreu,62,el Congrés i els Indians,80,14697
2015,9,Sant Andreu,62,el Congrés i els Indians,81,13321
2015,9,Sant Andreu,62,el Congrés i els Indians,82,13477
2015,9,Sant Andreu,63,Navas,83,13524
2015,9,Sant Andreu,63,Navas,84,15132
2015,9,Sant Andreu,63,Navas,85,13314
2015,9,Sant Andreu,63,Navas,86,13548
2015,9,Sant Andreu,63,Navas,87,14905
2015,9,Sant Andreu,63,Navas,88,12827
2015,9,Sant Andreu,63,Navas,89,13958
2015,9,Sant Andreu,63,Navas,90,12865
2015,9,Sant Andreu,63,Navas,91,13756
2015,9,Sant Andreu,63,Navas,92,13510
2015,9,Sant Andreu,63,Navas,93,14140
2015,9,Sant Andreu,63,Navas,94,13749
2015,9,Sant Andreu,63,Navas,95,13626
2015,9,Sant Andreu,61,la Sagrera,156,14400
2015,10,Sant Martí,64,Camp de l'Arpa del Clot,1,12387
2015,10,Sant Martí,64,Camp de l'Arpa del Clot,2,13212
2015,10,Sant Martí,64,Camp de l'Arpa del Clot,3,13601
2015,10,Sant Martí,64,Camp de l'Arpa del Clot,4,14100
2015,10,Sant Martí,64,Camp de l'Arpa del Clot,5,14926
2015,10,Sant Martí,64,Camp de l'Arpa del Clot,6,15156
2015,10,Sant Martí,64,Camp de l'Arpa del Clot,7,18607
2015,10,Sant Martí,64,Camp de l'Arpa del Clot,8,14861
2015,10,Sant Martí,64,Camp de l'Arpa del Clot,9,15198
2015,10,Sant Martí,64,Camp de l'Arpa del Clot,10,14299
2015,10,Sant Martí,64,Camp de l'Arpa del Clot,11,15371
2015,10,Sant Martí,64,Camp de l'Arpa del Clot,12,15222
2015,10,Sant Martí,64,Camp de l'Arpa del Clot,13,13705
2015,10,Sant Martí,64,Camp de l'Arpa del Clot,14,13415
2015,10,Sant Martí,64,Camp de l'Arpa del Clot,15,14837
2015,10,Sant Martí,64,Camp de l'Arpa del Clot,16,15092
2015,10,Sant Martí,64,Camp de l'Arpa del Clot,17,14083
2015,10,Sant Martí,64,Camp de l'Arpa del Clot,18,13281
2015,10,Sant Martí,64,Camp de l'Arpa del Clot,19,14010
2015,10,Sant Martí,64,Camp de l'Arpa del Clot,20,12875
2015,10,Sant Martí,64,Camp de l'Arpa del Clot,21,12344
2015,10,Sant Martí,64,Camp de l'Arpa del Clot,22,13912
2015,10,Sant Martí,64,Camp de l'Arpa del Clot,23,13306
2015,10,Sant Martí,64,Camp de l'Arpa del Clot,24,14319
2015,10,Sant Martí,64,Camp de l'Arpa del Clot,25,13240
2015,10,Sant Martí,65,el Clot,26,14351
2015,10,Sant Martí,65,el Clot,27,14460
2015,10,Sant Martí,65,el Clot,28,13704
2015,10,Sant Martí,65,el Clot,29,13121
2015,10,Sant Martí,65,el Clot,30,14215
2015,10,Sant Martí,65,el Clot,31,13295
2015,10,Sant Martí,65,el Clot,32,13531
2015,10,Sant Martí,65,el Clot,33,17100
2015,10,Sant Martí,65,el Clot,34,13289
2015,10,Sant Martí,65,el Clot,35,15159
2015,10,Sant Martí,65,el Clot,36,15048
2015,10,Sant Martí,65,el Clot,37,11455
2015,10,Sant Martí,65,el Clot,38,13442
2015,10,Sant Martí,65,el Clot,39,11791
2015,10,Sant Martí,65,el Clot,40,13608
2015,10,Sant Martí,65,el Clot,41,14245
2015,10,Sant Martí,66,el Parc i la Llacuna del Poblenou,42,11925
2015,10,Sant Martí,66,el Parc i la Llacuna del Poblenou,43,11367
2015,10,Sant Martí,66,el Parc i la Llacuna del Poblenou,44,14424
2015,10,Sant Martí,66,el Parc i la Llacuna del Poblenou,45,15890
2015,10,Sant Martí,66,el Parc i la Llacuna del Poblenou,46,15931
2015,10,Sant Martí,66,el Parc i la Llacuna del Poblenou,47,15752
2015,10,Sant Martí,66,el Parc i la Llacuna del Poblenou,48,16165
2015,10,Sant Martí,66,el Parc i la Llacuna del Poblenou,49,15569
2015,10,Sant Martí,66,el Parc i la Llacuna del Poblenou,50,15539
2015,10,Sant Martí,67,la Vila Olímpica del Poblenou,51,16958
2015,10,Sant Martí,67,la Vila Olímpica del Poblenou,52,20814
2015,10,Sant Martí,67,la Vila Olímpica del Poblenou,53,24132
2015,10,Sant Martí,67,la Vila Olímpica del Poblenou,54,22970
2015,10,Sant Martí,67,la Vila Olímpica del Poblenou,55,23386
2015,10,Sant Martí,68,el Poblenou,56,11902
2015,10,Sant Martí,68,el Poblenou,57,12809
2015,10,Sant Martí,68,el Poblenou,58,12605
2015,10,Sant Martí,68,el Poblenou,59,14764
2015,10,Sant Martí,68,el Poblenou,60,12366
2015,10,Sant Martí,68,el Poblenou,61,16059
2015,10,Sant Martí,68,el Poblenou,62,16463
2015,10,Sant Martí,68,el Poblenou,63,15147
2015,10,Sant Martí,68,el Poblenou,64,15048
2015,10,Sant Martí,68,el Poblenou,65,15050
2015,10,Sant Martí,68,el Poblenou,66,14722
2015,10,Sant Martí,68,el Poblenou,67,19584
2015,10,Sant Martí,68,el Poblenou,68,17095
2015,10,Sant Martí,68,el Poblenou,69,15430
2015,10,Sant Martí,68,el Poblenou,70,12823
2015,10,Sant Martí,68,el Poblenou,71,15901
2015,10,Sant Martí,68,el Poblenou,72,13559
2015,10,Sant Martí,68,el Poblenou,73,12650
2015,10,Sant Martí,68,el Poblenou,74,12679
2015,10,Sant Martí,68,el Poblenou,75,12952
2015,10,Sant Martí,69,Diagonal Mar i el Front Marítim del Poblenou,76,16521
2015,10,Sant Martí,69,Diagonal Mar i el Front Marítim del Poblenou,77,17789
2015,10,Sant Martí,69,Diagonal Mar i el Front Marítim del Poblenou,78,19097
2015,10,Sant Martí,69,Diagonal Mar i el Front Marítim del Poblenou,79,15467
2015,10,Sant Martí,69,Diagonal Mar i el Front Marítim del Poblenou,80,19409
2015,10,Sant Martí,70,el Besòs i el Maresme,81,9989
2015,10,Sant Martí,70,el Besòs i el Maresme,82,6418
2015,10,Sant Martí,70,el Besòs i el Maresme,83,6120
2015,10,Sant Martí,70,el Besòs i el Maresme,84,8006
2015,10,Sant Martí,70,el Besòs i el Maresme,85,7952
2015,10,Sant Martí,70,el Besòs i el Maresme,86,8157
2015,10,Sant Martí,70,el Besòs i el Maresme,87,8627
2015,10,Sant Martí,70,el Besòs i el Maresme,88,11791
2015,10,Sant Martí,70,el Besòs i el Maresme,89,8002
2015,10,Sant Martí,70,el Besòs i el Maresme,90,9988
2015,10,Sant Martí,70,el Besòs i el Maresme,91,11093
2015,10,Sant Martí,70,el Besòs i el Maresme,92,13130
2015,10,Sant Martí,70,el Besòs i el Maresme,93,14097
2015,10,Sant Martí,71,Provençals del Poblenou,94,14783
2015,10,Sant Martí,71,Provençals del Poblenou,95,10940
2015,10,Sant Martí,71,Provençals del Poblenou,96,16180
2015,10,Sant Martí,71,Provençals del Poblenou,97,15274
2015,10,Sant Martí,71,Provençals del Poblenou,98,13213
2015,10,Sant Martí,71,Provençals del Poblenou,99,10175
2015,10,Sant Martí,71,Provençals del Poblenou,100,12155
2015,10,Sant Martí,71,Provençals del Poblenou,101,12180
2015,10,Sant Martí,71,Provençals del Poblenou,102,11517
2015,10,Sant Martí,71,Provençals del Poblenou,103,13280
2015,10,Sant Martí,71,Provençals del Poblenou,104,14055
2015,10,Sant Martí,72,Sant Martí de Provençals,105,12948
2015,10,Sant Martí,72,Sant Martí de Provençals,106,13402
2015,10,Sant Martí,72,Sant Martí de Provençals,107,15602
2015,10,Sant Martí,72,Sant Martí de Provençals,108,12492
2015,10,Sant Martí,72,Sant Martí de Provençals,109,12147
2015,10,Sant Martí,72,Sant Martí de Provençals,110,12056
2015,10,Sant Martí,72,Sant Martí de Provençals,111,12785
2015,10,Sant Martí,72,Sant Martí de Provençals,112,15696
2015,10,Sant Martí,72,Sant Martí de Provençals,113,12172
2015,10,Sant Martí,72,Sant Martí de Provençals,114,10831
2015,10,Sant Martí,72,Sant Martí de Provençals,115,11826
2015,10,Sant Martí,72,Sant Martí de Provençals,116,11369
2015,10,Sant Martí,72,Sant Martí de Provençals,117,12042
2015,10,Sant Martí,72,Sant Martí de Provençals,118,15591
2015,10,Sant Martí,72,Sant Martí de Provençals,119,12025
2015,10,Sant Martí,72,Sant Martí de Provençals,120,11924
2015,10,Sant Martí,72,Sant Martí de Provençals,121,11715
2015,10,Sant Martí,72,Sant Martí de Provençals,122,15238
2015,10,Sant Martí,73,la Verneda i la Pau,123,12386
2015,10,Sant Martí,73,la Verneda i la Pau,124,12791
2015,10,Sant Martí,73,la Verneda i la Pau,125,12149
2015,10,Sant Martí,73,la Verneda i la Pau,126,13305
2015,10,Sant Martí,73,la Verneda i la Pau,127,13521
2015,10,Sant Martí,73,la Verneda i la Pau,128,13536
2015,10,Sant Martí,73,la Verneda i la Pau,129,13672
2015,10,Sant Martí,73,la Verneda i la Pau,130,13159
2015,10,Sant Martí,73,la Verneda i la Pau,131,14850
2015,10,Sant Martí,73,la Verneda i la Pau,132,12541
2015,10,Sant Martí,73,la Verneda i la Pau,133,11479
2015,10,Sant Martí,73,la Verneda i la Pau,134,11550
2015,10,Sant Martí,73,la Verneda i la Pau,135,11640
2015,10,Sant Martí,73,la Verneda i la Pau,136,12007
2015,10,Sant Martí,73,la Verneda i la Pau,137,10072
2015,10,Sant Martí,73,la Verneda i la Pau,138,9339
2015,10,Sant Martí,73,la Verneda i la Pau,139,10312
2015,10,Sant Martí,73,la Verneda i la Pau,140,10126
2015,10,Sant Martí,73,la Verneda i la Pau,141,10470
2015,10,Sant Martí,73,la Verneda i la Pau,142,9809
2015,10,Sant Martí,73,la Verneda i la Pau,143,10355
2015,10,Sant Martí,65,el Clot,234,13139
2015,10,Sant Martí,69,Diagonal Mar i el Front Marítim del Poblenou,235,11922
2015,10,Sant Martí,69,Diagonal Mar i el Front Marítim del Poblenou,236,12772
2015,10,Sant Martí,71,Provençals del Poblenou,237,11378
